{
  "25": {
    "min_time": 2.6855547428131104,
    "avg_time": 3.0340285778045653,
    "max_time": 3.21041202545166,
    "stdev_time": 0.22533617656297558,
    "min_vertices": 20,
    "avg_vertices": 20.6,
    "max_vertices": 21,
    "stdev_vertices": 0.5477225575051661
  },
  "50": {
    "min_time": 5.022587060928345,
    "avg_time": 5.964163875579834,
    "max_time": 6.322206497192383,
    "stdev_time": 0.5349607895361087,
    "min_vertices": 20,
    "avg_vertices": 20.8,
    "max_vertices": 21,
    "stdev_vertices": 0.4472135954999579
  }
}