{
  "0.01": {
    "min_time": 4.563283205032349,
    "avg_time": 9.751114495595296,
    "max_time": 12.518884420394897,
    "stdev_time": 2.149881021390543,
    "min_vertices": 19,
    "avg_vertices": 21,
    "max_vertices": 22,
    "stdev_vertices": 0.7559289460184544
  },
  "0.05": {
    "min_time": 6.67323899269104,
    "avg_time": 9.093189811706543,
    "max_time": 10.645898818969727,
    "stdev_time": 1.160338680575698,
    "min_vertices": 20,
    "avg_vertices": 20.666666666666668,
    "max_vertices": 21,
    "stdev_vertices": 0.4879500364742666
  },
  "0.15": {
    "min_time": 7.415732145309448,
    "avg_time": 9.296101713180542,
    "max_time": 10.021792650222778,
    "stdev_time": 0.6461709553972089,
    "min_vertices": 20,
    "avg_vertices": 20.733333333333334,
    "max_vertices": 21,
    "stdev_vertices": 0.45773770821706344
  },
  "0.5": {
    "min_time": 4.137844085693359,
    "avg_time": 8.745490248998006,
    "max_time": 10.240224599838257,
    "stdev_time": 1.7736613979407012,
    "min_vertices": 19,
    "avg_vertices": 20.533333333333335,
    "max_vertices": 21,
    "stdev_vertices": 0.7432233529572065
  }
}